Workbook

Sheet Notas V2
A1: PROJETO SNA - VERSÃO 2
A2: Escopo | B2: Baseline one-mode com 39 portos e cenário atual two-mode com 30 portos comuns.
A3: Regra de preservação | B3: Os 30 primeiros portos do baseline permanecem idênticos aos 30 portos da rede two-mode.
A4: Nós exclusivos do baseline | B4: 9 portos do Mar Negro/Mar de Azov, removidos no cenário atual modelado.
A5: Redução modelada | B5: 9 de 39 portos (23,1%).
A7: Disclaimer: A rede apresentada constitui um cenário acadêmico e ilustrativo de análise de vulnerabilidade por SNA. O baseline de 39 portos e o cenário atual de 30 portos são utilizados para simular a redução de alternativas logísticas sob condições de estresse. A remoção dos nove nós não significa fechamento físico permanente dos respectivos portos. Como a topologia da matriz original foi preservada, graus e conexões representam propriedades do modelo e não métricas históricas observadas desses portos. Os resultados devem, portanto, ser interpretados como indicadores de vulnerabilidade estrutural do cenário modelado, e não como uma reconstrução empírica completa da cadeia de suprimentos.

Sheet matriz One-mode
A1: Label | B1: Houston | C1: Qingdao | D1: Odesa | E1: Arzew | F1: Nova Orleans | G1: Vancouver | H1: Point Lisas | I1: Tianjin | J1: Ras Al-Khair | K1: Ruwais | L1: Yanbu | M1: Mundra | N1: Novorossiysk | O1: Tampa | P1: Corpus Christi | Q1: Callao | R1: Bandar Abbas | S1: Roterdã | T1: Aqaba | U1: Jubail | V1: Ningbo | W1: Xangai | X1: Jeddah | Y1: Taman | Z1: Casablanca | AA1: Hamburgo | AB1: Antuérpia | AC1: Mesaieed | AD1: Antofagasta | AE1: Jorf Lasfar | AF1: Mariupol | AG1: Berdyansk | AH1: Kherson | AI1: Skadovsk | AJ1: Mykolaiv | AK1: Olvia | AL1: Chornomorsk | AM1: Pivdennyi | AN1: Bilhorod-Dnistrovskyi
A2: Houston | B2: 0 | C2: 1 | D2: 1 | E2: 1 | F2: 0 | G2: 0 | H2: 0 | I2: 1 | J2: 1 | K2: 0 | L2: 0 | M2: 0 | N2: 1 | O2: 1 | P2: 1 | Q2: 0 | R2: 0 | S2: 0 | T2: 1 | U2: 1 | V2: 0 | W2: 1 | X2: 1 | Y2: 1 | Z2: 0 | AA2: 1 | AB2: 1 | AC2: 1 | AD2: 0 | AE2: 1 | AF2: 1 | AG2: 1 | AH2: 0 | AI2: 0 | AJ2: 1 | AK2: 0 | AL2: 1 | AM2: 1 | AN2: 0
A3: Qingdao | B3: 1 | C3: 0 | D3: 1 | E3: 1 | F3: 0 | G3: 0 | H3: 0 | I3: 0 | J3: 1 | K3: 0 | L3: 1 | M3: 1 | N3: 0 | O3: 1 | P3: 1 | Q3: 0 | R3: 0 | S3: 0 | T3: 0 | U3: 0 | V3: 1 | W3: 1 | X3: 1 | Y3: 1 | Z3: 0 | AA3: 1 | AB3: 1 | AC3: 1 | AD3: 1 | AE3: 1 | AF3: 1 | AG3: 1 | AH3: 0 | AI3: 0 | AJ3: 1 | AK3: 1 | AL3: 1 | AM3: 0 | AN3: 1
A4: Odesa | B4: 1 | C4: 1 | D4: 0 | E4: 0 | F4: 0 | G4: 0 | H4: 0 | I4: 1 | J4: 0 | K4: 0 | L4: 0 | M4: 1 | N4: 1 | O4: 0 | P4: 0 | Q4: 1 | R4: 0 | S4: 0 | T4: 0 | U4: 1 | V4: 0 | W4: 1 | X4: 0 | Y4: 0 | Z4: 1 | AA4: 1 | AB4: 1 | AC4: 1 | AD4: 1 | AE4: 1 | AF4: 1 | AG4: 1 | AH4: 0 | AI4: 0 | AJ4: 0 | AK4: 0 | AL4: 1 | AM4: 0 | AN4: 0
A5: Arzew | B5: 1 | C5: 1 | D5: 0 | E5: 0 | F5: 1 | G5: 0 | H5: 0 | I5: 0 | J5: 1 | K5: 0 | L5: 0 | M5: 0 | N5: 0 | O5: 0 | P5: 1 | Q5: 0 | R5: 0 | S5: 0 | T5: 0 | U5: 1 | V5: 0 | W5: 0 | X5: 1 | Y5: 1 | Z5: 0 | AA5: 0 | AB5: 1 | AC5: 1 | AD5: 1 | AE5: 0 | AF5: 0 | AG5: 0 | AH5: 0 | AI5: 0 | AJ5: 0 | AK5: 0 | AL5: 0 | AM5: 1 | AN5: 0
A6: Nova Orleans | B6: 0 | C6: 0 | D6: 0 | E6: 1 | F6: 0 | G6: 0 | H6: 1 | I6: 1 | J6: 1 | K6: 0 | L6: 1 | M6: 0 | N6: 0 | O6: 0 | P6: 0 | Q6: 1 | R6: 0 | S6: 0 | T6: 0 | U6: 0 | V6: 1 | W6: 0 | X6: 0 | Y6: 1 | Z6: 0 | AA6: 0 | AB6: 1 | AC6: 1 | AD6: 0 | AE6: 0 | AF6: 0 | AG6: 0 | AH6: 0 | AI6: 0 | AJ6: 0 | AK6: 0 | AL6: 0 | AM6: 1 | AN6: 1
A7: Vancouver | B7: 0 | C7: 0 | D7: 0 | E7: 0 | F7: 0 | G7: 0 | H7: 1 | I7: 1 | J7: 0 | K7: 0 | L7: 0 | M7: 0 | N7: 0 | O7: 0 | P7: 0 | Q7: 1 | R7: 0 | S7: 0 | T7: 0 | U7: 1 | V7: 0 | W7: 0 | X7: 0 | Y7: 0 | Z7: 1 | AA7: 1 | AB7: 0 | AC7: 0 | AD7: 0 | AE7: 1 | AF7: 1 | AG7: 1 | AH7: 0 | AI7: 0 | AJ7: 0 | AK7: 0 | AL7: 0 | AM7: 1 | AN7: 1
A8: Point Lisas | B8: 0 | C8: 0 | D8: 0 | E8: 0 | F8: 1 | G8: 1 | H8: 0 | I8: 0 | J8: 1 | K8: 1 | L8: 1 | M8: 0 | N8: 0 | O8: 0 | P8: 0 | Q8: 0 | R8: 1 | S8: 0 | T8: 1 | U8: 0 | V8: 1 | W8: 0 | X8: 0 | Y8: 0 | Z8: 1 | AA8: 1 | AB8: 1 | AC8: 1 | AD8: 1 | AE8: 1 | AF8: 1 | AG8: 1 | AH8: 0 | AI8: 0 | AJ8: 0 | AK8: 0 | AL8: 0 | AM8: 1 | AN8: 1
A9: Tianjin | B9: 1 | C9: 0 | D9: 1 | E9: 0 | F9: 1 | G9: 1 | H9: 0 | I9: 0 | J9: 1 | K9: 0 | L9: 1 | M9: 1 | N9: 0 | O9: 1 | P9: 0 | Q9: 1 | R9: 0 | S9: 1 | T9: 1 | U9: 1 | V9: 0 | W9: 1 | X9: 0 | Y9: 1 | Z9: 0 | AA9: 1 | AB9: 1 | AC9: 1 | AD9: 1 | AE9: 1 | AF9: 1 | AG9: 1 | AH9: 0 | AI9: 0 | AJ9: 0 | AK9: 0 | AL9: 0 | AM9: 1 | AN9: 1
A10: Ras Al-Khair | B10: 1 | C10: 1 | D10: 0 | E10: 1 | F10: 1 | G10: 0 | H10: 1 | I10: 1 | J10: 0 | K10: 0 | L10: 1 | M10: 1 | N10: 1 | O10: 0 | P10: 0 | Q10: 1 | R10: 0 | S10: 0 | T10: 1 | U10: 0 | V10: 1 | W10: 1 | X10: 0 | Y10: 1 | Z10: 0 | AA10: 1 | AB10: 1 | AC10: 1 | AD10: 1 | AE10: 1 | AF10: 1 | AG10: 0 | AH10: 0 | AI10: 0 | AJ10: 0 | AK10: 0 | AL10: 0 | AM10: 1 | AN10: 1
A11: Ruwais | B11: 0 | C11: 0 | D11: 0 | E11: 0 | F11: 0 | G11: 0 | H11: 1 | I11: 0 | J11: 0 | K11: 0 | L11: 0 | M11: 0 | N11: 0 | O11: 0 | P11: 0 | Q11: 1 | R11: 0 | S11: 0 | T11: 0 | U11: 1 | V11: 0 | W11: 0 | X11: 0 | Y11: 0 | Z11: 1 | AA11: 0 | AB11: 1 | AC11: 1 | AD11: 1 | AE11: 0 | AF11: 0 | AG11: 0 | AH11: 0 | AI11: 0 | AJ11: 0 | AK11: 0 | AL11: 0 | AM11: 1 | AN11: 1
A12: Yanbu | B12: 0 | C12: 1 | D12: 0 | E12: 0 | F12: 1 | G12: 0 | H12: 1 | I12: 1 | J12: 1 | K12: 0 | L12: 0 | M12: 0 | N12: 1 | O12: 0 | P12: 0 | Q12: 1 | R12: 0 | S12: 0 | T12: 0 | U12: 0 | V12: 1 | W12: 1 | X12: 0 | Y12: 0 | Z12: 1 | AA12: 0 | AB12: 1 | AC12: 1 | AD12: 0 | AE12: 0 | AF12: 0 | AG12: 0 | AH12: 0 | AI12: 0 | AJ12: 0 | AK12: 0 | AL12: 0 | AM12: 1 | AN12: 1
A13: Mundra | B13: 0 | C13: 1 | D13: 1 | E13: 0 | F13: 0 | G13: 0 | H13: 0 | I13: 1 | J13: 1 | K13: 0 | L13: 0 | M13: 0 | N13: 1 | O13: 1 | P13: 0 | Q13: 1 | R13: 0 | S13: 0 | T13: 0 | U13: 1 | V13: 0 | W13: 1 | X13: 0 | Y13: 1 | Z13: 0 | AA13: 0 | AB13: 0 | AC13: 0 | AD13: 0 | AE13: 1 | AF13: 1 | AG13: 1 | AH13: 0 | AI13: 0 | AJ13: 0 | AK13: 0 | AL13: 0 | AM13: 1 | AN13: 1
... A40: Bilhorod-Dnistrovskyi | B40: 0 | C40: 1 | D40: 0 | E40: 0 | F40: 1 | G40: 1 | H40: 1 | I40: 1 | J40: 1 | K40: 1 | L40: 1 | M40: 1 | N40: 1 | O40: 1 | P40: 1 | Q40: 1 | R40: 1 | S40: 1 | T40: 1 | U40: 1 | V40: 1 | W40: 1 | X40: 1 | Y40: 1 | Z40: 1 | AA40: 1 | AB40: 1 | AC40: 1 | AD40: 0 | AE40: 0 | AF40: 0 | AG40: 0 | AH40: 1 | AI40: 0 | AJ40: 0 | AK40: 1 | AL40: 1 | AM40: 1 | AN40: 0

Sheet matriz Two-mode
A1: Porto | B1: Soda cáustica | C1: Etilenoglicol | D1: Amônia anidra | E1: Metanol | F1: MAP (fosfato monoamônico) | G1: Nitrato de amônio | H1: Enxofre | I1: Superfosfato triplo (TSP) | J1: Barrilha (carbonato de sódio) | K1: Dióxido de titânio | L1: Sulfato de potássio | M1: 2,4-D | N1: Atrazina | O1: Glifosato | P1: Ácido fosfórico | Q1: Cloreto de potássio (KCl) | R1: Ureia | S1: Sulfato de amônio | T1: Ácido sulfúrico | U1: Mancozebe | V1: DAP (fosfato diamônico)
A2: Houston | B2: 1 | C2: 1 | D2: 0 | E2: 1 | F2: 1 | G2: 0 | H2: 1 | I2: 1 | J2: 1 | K2: 1 | L2: 0 | M2: 0 | N2: 0 | O2: 1 | P2: 0 | Q2: 1 | R2: 1 | S2: 1 | T2: 1 | U2: 1 | V2: 1
A3: Qingdao | B3: 1 | C3: 1 | D3: 1 | E3: 1 | F3: 1 | G3: 0 | H3: 1 | I3: 1 | J3: 1 | K3: 1 | L3: 1 | M3: 0 | N3: 1 | O3: 1 | P3: 0 | Q3: 1 | R3: 1 | S3: 1 | T3: 0 | U3: 1 | V3: 1
A4: Odesa | B4: 0 | C4: 0 | D4: 0 | E4: 0 | F4: 1 | G4: 0 | H4: 1 | I4: 0 | J4: 0 | K4: 1 | L4: 0 | M4: 0 | N4: 0 | O4: 1 | P4: 0 | Q4: 1 | R4: 1 | S4: 0 | T4: 0 | U4: 1 | V4: 0
A5: Arzew | B5: 1 | C5: 0 | D5: 0 | E5: 0 | F5: 1 | G5: 0 | H5: 0 | I5: 0 | J5: 0 | K5: 1 | L5: 0 | M5: 0 | N5: 1 | O5: 0 | P5: 0 | Q5: 1 | R5: 1 | S5: 0 | T5: 0 | U5: 1 | V5: 0
A6: Nova Orleans | B6: 0 | C6: 0 | D6: 1 | E6: 0 | F6: 1 | G6: 0 | H6: 0 | I6: 1 | J6: 1 | K6: 1 | L6: 0 | M6: 0 | N6: 0 | O6: 0 | P6: 0 | Q6: 1 | R6: 1 | S6: 1 | T6: 1 | U6: 0 | V6: 1
A7: Vancouver | B7: 0 | C7: 0 | D7: 1 | E7: 0 | F7: 1 | G7: 0 | H7: 0 | I7: 1 | J7: 1 | K7: 1 | L7: 0 | M7: 0 | N7: 1 | O7: 0 | P7: 0 | Q7: 1 | R7: 1 | S7: 1 | T7: 1 | U7: 0 | V7: 1
A8: Point Lisas | B8: 1 | C8: 0 | D8: 0 | E8: 0 | F8: 0 | G8: 1 | H8: 1 | I8: 0 | J8: 0 | K8: 1 | L8: 0 | M8: 0 | N8: 0 | O8: 1 | P8: 0 | Q8: 1 | R8: 1 | S8: 1 | T8: 0 | U8: 0 | V8: 0
A9: Tianjin | B9: 1 | C9: 0 | D9: 1 | E9: 0 | F9: 1 | G9: 0 | H9: 1 | I9: 1 | J9: 1 | K9: 1 | L9: 0 | M9: 0 | N9: 0 | O9: 1 | P9: 0 | Q9: 1 | R9: 1 | S9: 0 | T9: 0 | U9: 0 | V9: 1
A10: Ras Al-Khair | B10: 0 | C10: 1 | D10: 1 | E10: 1 | F10: 1 | G10: 0 | H10: 0 | I10: 1 | J10: 1 | K10: 0 | L10: 0 | M10: 0 | N10: 1 | O10: 0 | P10: 0 | Q10: 1 | R10: 1 | S10: 0 | T10: 0 | U10: 1 | V10: 1
A11: Ruwais | B11: 1 | C11: 0 | D11: 1 | E11: 1 | F11: 1 | G11: 0 | H11: 0 | I11: 0 | J11: 0 | K11: 0 | L11: 0 | M11: 0 | N11: 0 | O11: 0 | P11: 0 | Q11: 1 | R11: 1 | S11: 1 | T11: 1 | U11: 1 | V11: 0
A12: Yanbu | B12: 0 | C12: 1 | D12: 0 | E12: 0 | F12: 1 | G12: 0 | H12: 1 | I12: 1 | J12: 1 | K12: 0 | L12: 0 | M12: 0 | N12: 1 | O12: 0 | P12: 0 | Q12: 1 | R12: 1 | S12: 1 | T12: 0 | U12: 1 | V12: 1
A13: Mundra | B13: 0 | C13: 0 | D13: 0 | E13: 0 | F13: 0 | G13: 0 | H13: 0 | I13: 1 | J13: 1 | K13: 0 | L13: 1 | M13: 0 | N13: 0 | O13: 1 | P13: 0 | Q13: 1 | R13: 1 | S13: 1 | T13: 1 | U13: 1 | V13: 1
... A31: Jorf Lasfar | B31: 1 | C31: 1 | D31: 1 | E31: 0 | F31: 0 | G31: 0 | H31: 1 | I31: 1 | J31: 1 | K31: 0 | L31: 0 | M31: 0 | N31: 1 | O31: 1 | P31: 1 | Q31: 0 | R31: 0 | S31: 0 | T31: 1 | U31: 1 | V31: 1

Sheet Atributos_Insumos
A1: Insumo (coluna) | B1: Tipo de uso | C1: Exposição (hipótese inicial) | D1: Hipótese de origem/rota | E1: Grau (nº de importadores) | F1: Portos fornecedores expostos (nº) | G1: % de fornecedores expostos (rede)
A2: Soda cáustica | B2: Indústria | C2: Não exposta | D2: EUA/Canadá – Atlântico | E2: =SUM('matriz Two-mode'!B2:B31) -> 16 | F2: =SUMPRODUCT('matriz Two-mode'!B2:B31*Atributos_Portos!$D$2:$D$31) -> 3 | G2: =IF(E2=0,0,F2/E2) -> 0.1875
A3: Etilenoglicol | B3: Indústria | C3: Mar Vermelho | D3: Arábia Saudita (Yanbu/Jubail) – Mar Vermelho e Golfo | E3: =SUM('matriz Two-mode'!C2:C31) -> 10 | F3: =SUMPRODUCT('matriz Two-mode'!C2:C31*Atributos_Portos!$D$2:$D$31) -> 5 | G3: =IF(E3=0,0,F3/E3) -> 0.5
A4: Amônia anidra | B4: Agro/Indústria | C4: Não exposta | D4: Trinidad e Tobago/Argélia – Atlântico | E4: =SUM('matriz Two-mode'!D2:D31) -> 16 | F4: =SUMPRODUCT('matriz Two-mode'!D2:D31*Atributos_Portos!$D$2:$D$31) -> 5 | G4: =IF(E4=0,0,F4/E4) -> 0.3125
A5: Metanol | B5: Indústria | C5: Hormuz | D5: Oriente Médio (Golfo Pérsico) – Ormuz | E5: =SUM('matriz Two-mode'!E2:E31) -> 11 | F5: =SUMPRODUCT('matriz Two-mode'!E2:E31*Atributos_Portos!$D$2:$D$31) -> 6 | G5: =IF(E5=0,0,F5/E5) -> 0.54545455
A6: MAP (fosfato monoamônico) | B6: Agro | C6: Mista | D6: Rússia (Mar Negro/Báltico), Golfo (Ormuz), Marrocos | E6: =SUM('matriz Two-mode'!F2:F31) -> 20 | F6: =SUMPRODUCT('matriz Two-mode'!F2:F31*Atributos_Portos!$D$2:$D$31) -> 9 | G6: =IF(E6=0,0,F6/E6) -> 0.45
A7: Nitrato de amônio | B7: Agro | C7: Mar Negro | D7: Rússia – Mar Negro/Báltico | E7: =SUM('matriz Two-mode'!G2:G31) -> 7 | F7: =SUMPRODUCT('matriz Two-mode'!G2:G31*Atributos_Portos!$D$2:$D$31) -> 2 | G7: =IF(E7=0,0,F7/E7) -> 0.28571429
A8: Enxofre | B8: Agro/Indústria | C8: Hormuz | D8: Catar/EAU/Arábia Saudita – Ormuz | E8: =SUM('matriz Two-mode'!H2:H31) -> 17 | F8: =SUMPRODUCT('matriz Two-mode'!H2:H31*Atributos_Portos!$D$2:$D$31) -> 5 | G8: =IF(E8=0,0,F8/E8) -> 0.29411765
A9: Superfosfato triplo (TSP) | B9: Agro | C9: Não exposta | D9: Marrocos/Tunísia – Atlântico/Mediterrâneo | E9: =SUM('matriz Two-mode'!I2:I31) -> 16 | F9: =SUMPRODUCT('matriz Two-mode'!I2:I31*Atributos_Portos!$D$2:$D$31) -> 4 | G9: =IF(E9=0,0,F9/E9) -> 0.25
A10: Barrilha (carbonato de sódio) | B10: Indústria | C10: Não exposta | D10: EUA – Atlântico | E10: =SUM('matriz Two-mode'!J2:J31) -> 13 | F10: =SUMPRODUCT('matriz Two-mode'!J2:J31*Atributos_Portos!$D$2:$D$31) -> 4 | G10: =IF(E10=0,0,F10/E10) -> 0.30769231
A11: Dióxido de titânio | B11: Indústria | C11: Não exposta | D11: China/EUA – Pacífico/Cabo | E11: =SUM('matriz Two-mode'!K2:K31) -> 13 | F11: =SUMPRODUCT('matriz Two-mode'!K2:K31*Atributos_Portos!$D$2:$D$31) -> 2 | G11: =IF(E11=0,0,F11/E11) -> 0.15384615
A12: Sulfato de potássio | B12: Agro | C12: Não exposta | D12: Europa/Chile – Atlântico | E12: =SUM('matriz Two-mode'!L2:L31) -> 6 | F12: =SUMPRODUCT('matriz Two-mode'!L2:L31*Atributos_Portos!$D$2:$D$31) -> 0 | G12: =IF(E12=0,0,F12/E12) -> 0
A13: 2,4-D | B13: Agro | C13: Não exposta | D13: China – Pacífico/Cabo | E13: =SUM('matriz Two-mode'!M2:M31) -> 7 | F13: =SUMPRODUCT('matriz Two-mode'!M2:M31*Atributos_Portos!$D$2:$D$31) -> 1 | G13: =IF(E13=0,0,F13/E13) -> 0.14285714
A14: Atrazina | B14: Agro | C14: Não exposta | D14: China/Índia – Pacífico/Cabo | E14: =SUM('matriz Two-mode'!N2:N31) -> 14 | F14: =SUMPRODUCT('matriz Two-mode'!N2:N31*Atributos_Portos!$D$2:$D$31) -> 7 | G14: =IF(E14=0,0,F14/E14) -> 0.5
A15: Glifosato | B15: Agro | C15: Não exposta | D15: China – Pacífico/Cabo | E15: =SUM('matriz Two-mode'!O2:O31) -> 18 | F15: =SUMPRODUCT('matriz Two-mode'!O2:O31*Atributos_Portos!$D$2:$D$31) -> 5 | G15: =IF(E15=0,0,F15/E15) -> 0.27777778
A16: Ácido fosfórico | B16: Agro/Indústria | C16: Mar Vermelho | D16: Jordânia (Aqaba) – Mar Vermelho | E16: =SUM('matriz Two-mode'!P2:P31) -> 12 | F16: =SUMPRODUCT('matriz Two-mode'!P2:P31*Atributos_Portos!$D$2:$D$31) -> 4 | G16: =IF(E16=0,0,F16/E16) -> 0.33333333
A17: Cloreto de potássio (KCl) | B17: Agro | C17: Mista | D17: Canadá (Atlântico) + Rússia/Belarus (Mar Negro/Báltico) | E17: =SUM('matriz Two-mode'!Q2:Q31) -> 27 | F17: =SUMPRODUCT('matriz Two-mode'!Q2:Q31*Atributos_Portos!$D$2:$D$31) -> 10 | G17: =IF(E17=0,0,F17/E17) -> 0.37037037
A18: Ureia | B18: Agro | C18: Hormuz | D18: Catar/Omã/Arábia Saudita – Ormuz; Rússia – Mar Negro | E18: =SUM('matriz Two-mode'!R2:R31) -> 26 | F18: =SUMPRODUCT('matriz Two-mode'!R2:R31*Atributos_Portos!$D$2:$D$31) -> 10 | G18: =IF(E18=0,0,F18/E18) -> 0.38461538
A19: Sulfato de amônio | B19: Agro | C19: Não exposta | D19: China – Pacífico/Cabo | E19: =SUM('matriz Two-mode'!S2:S31) -> 20 | F19: =SUMPRODUCT('matriz Two-mode'!S2:S31*Atributos_Portos!$D$2:$D$31) -> 7 | G19: =IF(E19=0,0,F19/E19) -> 0.35
A20: Ácido sulfúrico | B20: Agro/Indústria | C20: Não exposta | D20: Chile/Peru – Pacífico/Atlântico | E20: =SUM('matriz Two-mode'!T2:T31) -> 12 | F20: =SUMPRODUCT('matriz Two-mode'!T2:T31*Atributos_Portos!$D$2:$D$31) -> 3 | G20: =IF(E20=0,0,F20/E20) -> 0.25
A21: Mancozebe | B21: Agro | C21: Não exposta | D21: Índia/China – Cabo | E21: =SUM('matriz Two-mode'!U2:U31) -> 14 | F21: =SUMPRODUCT('matriz Two-mode'!U2:U31*Atributos_Portos!$D$2:$D$31) -> 7 | G21: =IF(E21=0,0,F21/E21) -> 0.5
A22: DAP (fosfato diamônico) | B22: Agro | C22: Hormuz | D22: Arábia Saudita (Ras Al-Khair) – Ormuz | E22: =SUM('matriz Two-mode'!V2:V31) -> 15 | F22: =SUMPRODUCT('matriz Two-mode'!V2:V31*Atributos_Portos!$D$2:$D$31) -> 4 | G22: =IF(E22=0,0,F22/E22) -> 0.26666667
A24: Nota: exposição e origens são HIPÓTESES ilustrativas, a validar com dados do ComexStat (MDIC) antes da entrega. Mista = fornecedores expostos e não expostos.
A25: Coluna G: calculada a partir da rede (portos expostos ligados ao insumo ÷ total de portos ligados).

Sheet Atributos_Portos
A1: Porto (linha) | B1: País / região | C1: Exposição | D1: Exposto? (1=sim)
A2: Houston | B2: EUA | C2: Não exposto | D2: =IF(C2="Não exposto",0,1) -> 0
A3: Qingdao | B3: China | C3: Não exposto | D3: =IF(C3="Não exposto",0,1) -> 0
A4: Odesa | B4: Ucrânia (Mar Negro) | C4: Mar Negro | D4: =IF(C4="Não exposto",0,1) -> 1
A5: Arzew | B5: Argélia | C5: Não exposto | D5: =IF(C5="Não exposto",0,1) -> 0
A6: Nova Orleans | B6: EUA | C6: Não exposto | D6: =IF(C6="Não exposto",0,1) -> 0
A7: Vancouver | B7: Canadá | C7: Não exposto | D7: =IF(C7="Não exposto",0,1) -> 0
A8: Point Lisas | B8: Trinidad e Tobago | C8: Não exposto | D8: =IF(C8="Não exposto",0,1) -> 0
A9: Tianjin | B9: China | C9: Não exposto | D9: =IF(C9="Não exposto",0,1) -> 0
A10: Ras Al-Khair | B10: Arábia Saudita (Golfo) | C10: Ormuz | D10: =IF(C10="Não exposto",0,1) -> 1
A11: Ruwais | B11: Emirados (Golfo) | C11: Ormuz | D11: =IF(C11="Não exposto",0,1) -> 1
A12: Yanbu | B12: Arábia Saudita (Mar Vermelho) | C12: Mar Vermelho | D12: =IF(C12="Não exposto",0,1) -> 1
A13: Mundra | B13: Índia | C13: Não exposto | D13: =IF(C13="Não exposto",0,1) -> 0
... A31: Jorf Lasfar | B31: Marrocos | C31: Não exposto | D31: =IF(C31="Não exposto",0,1) -> 0
A33: Nota: seleção e classificação ILUSTRATIVAS; as ligações porto×insumo vêm da matriz fornecida, então não refletem a especialização real de cada porto. Marco temporal do baseline (one-mode): 2021.
